lat,lon,terrai_cod,terrai_nom
-7.84090625410822,-66.180850922244,201,Acimã
-7.49964720525082,-66.7799980280491,9801,Catipari/Mamoria
-4.67070396642697,-59.1364954950524,10101,Coata-Laranjal
-7.9640278698907,-62.2316145805831,11001,Diahui
-9.11134896716167,-37.1109332178593,13101,Fulni-ô
-9.63518173843475,-48.3112011334806,13201,Funil
-5.01801238073574,-45.6978833711314,13501,Geralda Toco Preto
-27.502818723194,-52.6781933940195,14701,Guarani Votouro
-27.4367470618256,-53.6498871758194,14801,Guarita
-17.6167966930663,-57.7321020464954,15001,Guató
-6.95716281061664,-65.743789703399,15201,Hi Merimã
-8.83418118781548,-72.1928518405278,18401,Jaminawa Arara do Rio Bagé
-8.03267886958573,-72.9078024092097,18501,Jaminawa do Igarapé Preto
-10.7357207507395,-58.2328492391904,18601,Japuira
-7.1630739137556,-65.4041444820274,19001,Jarawara/Jamamadi/Kanamati
-14.467955352546,-59.1553997446776,19501,Juininha
-7.35611995463021,-63.9734744269169,19601,Juma
-8.63700085174623,-71.7331534977221,20301,Kampa do Igarapé Primavera
-9.30227333841119,-72.9720374021882,20401,Kampa do Rio Amonea
-6.21467965883634,-45.2066947369504,20702,Kanela Memortumré
-9.16553416782463,-38.3886950704542,20801,Kantaruré
-14.8770112568282,-51.0801221515147,21201,Karajá de Aruanã III
-4.10869054894423,-52.9416299926308,21501,Kararaô
-10.0012506486138,-64.4856158261078,21601,Karipuna
-20.5779985056395,-56.2781105512541,25101,Lalima
-27.9550033072098,-51.9426065997494,25501,Ligeiro
-12.5628665307922,-62.5721945067122,27701,Massaco
-12.7397028324763,-59.9321099873588,36101,Pirineus de Souza
-2.88621184362786,-65.1290361771862,36801,Porto Praia
-6.68912375985883,-35.0021788780914,36901,Potiguara
-12.812344194503,-61.1050846759707,40101,Rio Omerê
0.614425582273954,-54.513709332586,40201,Rio Paru DEste
-3.63259652610101,-45.5167819152829,40301,Rio Pindaré
-6.46672219588223,-58.0005472908847,40901,Sai-Cinza
-15.4475875039728,-53.8610288676746,41101,Sangradouro/Volta Grande
4.17427388357909,-61.3676082183687,41201,Santa Inez
-7.89075629378779,-65.7940385720724,41901,São Pedro do Sepatini
-7.20196292371692,-61.6237225253866,42301,Sepoti
-27.6671204280887,-52.8725824193512,42701,Serrinha
-8.49266400973008,-61.1709823164175,44701,Tenharim do Igarapé Preto
-13.140702066165,-58.4160426338955,45501,Tirecatinga
-6.32276063151451,-61.6419196593942,45901,Torá
-4.66296900841489,-51.4890351565172,46201,Trincheira Bacaja
-3.64758190559602,-49.8255551329051,46302,Trocará - Doação
-0.0108853435644749,-58.6867483255014,46401,Trombetas/Mapuera
-8.51752609567677,-39.4193295471402,46601,Truká
-2.37565666746284,-67.3761320963859,47701,Uati-Paraná
-14.5669492218014,-53.5044945062693,47801,Ubawawe
-27.7986082360858,-52.2779904011985,49101,Ventarra
-3.56114158061648,-68.3907146153317,49301,Vui-Uata-In
-27.2191191236063,-52.5644649452513,701,Aldeia Kondá
-5.93477237700182,-64.7115853985452,34501,Paumari do Lago Paricá
-7.37262442383745,-64.9790276686913,34601,Paumari do Rio Ituxi
-8.1499405389985,-67.0944779084518,34701,Peneri/Tacaquiri
-0.614892492852491,-66.176243223817,40401,Rio Téa
-14.1692196821654,-55.4472342345568,41301,Santana
-4.54933858182569,-69.7330983447107,41701,São Leopoldo
-2.78574661350289,-55.8238713127153,55101,Maró
-15.0276594062234,-39.1221000175559,55501,Tupinambá de Olivença
-11.2713486284858,-50.7160983165046,58301,São Domingos - MT
3.913165331165,-60.8024518485617,58401,São Marcos - RR
-9.44042461127427,-71.8953429825833,67601,Igarapé Taboca do Alto Tarauacá (restrição de uso)
-3.41989854919433,-59.4301772396916,69001,Sissaíma
0.0458424650118372,-60.4420693962833,73708,Pirititi (restrição de uso)
-19.3407833065184,-45.0754654219724,60701,Caxixó
-10.9418209637003,-57.3950440810939,2301,Apiaka/Kayabi
-8.39576523777938,-58.105430160833,68301,Apiaká do Pontal e Isolados
-27.3808039550211,-48.7607877083518,72901,Amaral/Tekoá Kuriy
-11.0155345753357,-59.3569100547016,42601,Serra Morena
-2.7605893739226,-67.093192961307,11601,Espírito Santo
-4.35246247809769,-70.004144247185,6501,Bom Intento
-10.8685631941216,-69.9701157659516,7301,Cabeceira do Rio Acre
-12.2280038183188,-59.1392223945064,11201,Enawenê-Nawê
-8.65731577026264,-37.8671276979272,20201,Kambiwá
-6.20237728563964,-61.9706722707865,24701,Lago Jauari
-3.98215245984761,-38.2712370495088,24901,Lagoa  Encantada
-0.188978061877963,-66.3011955335914,28601,Médio Rio Negro II
-14.2643386838225,-59.8575886990115,34801,Pequizal
-3.10413442604305,-58.9510742964871,40501,Rio Urubu
-11.7493012076964,-53.0638730804041,49801,Wawi
-14.883248450001,-44.2883810143858,49901,Xacriabá
-4.70273309512943,-62.6552319622384,45103,Itixi Mitari
-24.0156729040121,-50.7521934796704,45201,Tibagy/Mococa
-3.14698929397752,-65.0202112942221,47201,Tupã-Supé
-13.4051667909791,-43.7824213576906,48901,Vargem Alegre
-3.05950186247466,-68.9393424287948,57101,Porto Limoeiro
-3.22561404344283,-59.3756793664065,58502,Boa Vista
-25.2170630958978,-52.3499298954858,58601,Boa Vista - PR
-11.3583349126527,-50.8051487296543,58701,Cacique Fontoura
-3.29088284870066,-48.4122331991088,58801,Barreirinha
-12.3490169139486,-43.3229022324436,69801,Fazenda Remanso
-2.60358844434814,-66.8291655426044,46701,Tubarão Latunde
-27.3733010428513,-48.9396988395108,72801,Águas Claras
-5.63696359905293,-52.0372823248857,3002,Apyterewa
3.62554431998848,-61.1060628760637,3101,Araçá
-3.75176448295425,-53.0483902054653,3201,Arara
-9.77240642651634,-59.5996941977986,3301,Arara do Rio Branco
-8.42979770606393,-72.3768738736221,3401,Arara do Igarapé Humaitá
-3.60603932289511,-51.6805163507617,60001,Arara da Volta Grande do Xingu
3.90717967417077,-60.963960282975,51601,Anaro
-12.9522706334408,-53.9261858474729,6001,Batovi
-7.35715575761077,-54.4799773280174,6101,Baú
-3.04526421155569,-68.0944963719108,6201,Betania
-23.3528077950528,-44.9990181520687,6302,Boa Vista Sertão do Promirim
3.45155462307407,-59.8425219487268,6601,Bom Jesus
-10.7372100298273,-50.1328371013199,17001,Inawebohona
-10.1402277367128,-36.8332853256797,21702,Kariri-Xocó
3.36337081509051,-61.1489461822282,2201,Anta
-5.06977807614453,-46.4242762198798,3601,Arariboia
-6.11993051244728,-62.276318936546,4301,Ariramba
-13.8392543918336,-48.2381561729049,4602,Avá-Canoeiro
-8.85727708466607,-52.0052679061472,5001,Badjonkore
-20.9066032964373,-55.1679966158512,7002,Buriti
-23.4373295400482,-53.4320327912919,50401,Herarekâ Xetá
-16.966021710056,-56.5576172539347,5101,Baia dos Guató
-14.2977458246238,-54.6228380384082,5201,Bakairi
-22.1707665760444,-54.8363254454415,11101,Dourados
-26.5782107526881,-52.3607370453568,45801,Toldo Imbu
-27.3396522992291,-48.6639206003797,73001,Morro da Palha
-17.0284494636191,-39.2392375975396,65101,Comexatibá
-20.6583213061041,-57.2421729911429,20001,Kadiwéu
-15.557237610522,-53.0572852459896,29001,Merure
-15.2156811732732,-52.7150169017985,58101,São Marcos - MT
-9.53421226380021,-48.1143937341693,50301,Xerente
-3.5558190585759,-67.0145728926091,53501,Riozinho
-27.2983462883496,-48.7407951365783,72701,Canelinha
-25.2913269895107,-52.7018989298645,39001,Rio das Cobras
3.30585259957351,-61.0519657930254,5601,Barata Livramento
-16.8647094612625,-39.3348674399542,5802,Barra Velha do Monte Pascoal
-16.8581383015651,-39.2281144370556,5801,Barra Velha
-20.0960504102622,-56.2206042379919,7702,Cachoeirinha
-7.8697947273701,-64.7719978355755,8101,Caititu
-3.98153711052352,-63.3743548521928,8301,Cajuhiri Atravessado
-7.22707864977325,-67.1087792384107,8401,Camadeni
-8.63293650582465,-67.5761224985521,8501,Camicua
-5.61836048352949,-45.5452013298435,8701,Cana Brava/Guajajara
-3.10510088446981,-39.9617834819675,10401,Córrego João Pereira
-3.51761449150207,-59.2062694231407,10601,Cuia
-3.76135174538533,-69.5974859995093,12101,Évare I
-13.9653145898483,-39.2027999864752,12401,Fazenda Bahiana
-8.77402847459363,-37.6960728054483,12601,Tuxá de Inajá
-3.75193240065157,-60.5259846283614,12901,Fortaleza do Castanho
-3.14587515212109,-60.739000038712,13001,Fortaleza do Patauá
-26.8072105690084,-49.6999764561702,15301,Ibirama
-26.7836145590002,-49.7583271471536,15302,Ibirama La Klanô
-8.86191321976599,-68.1455105399357,15601,Igarapé Capana
-8.27308469941131,-70.6962983390047,15701,Igarapé do Caucho
-10.4718797145291,-61.6446923833188,16201,Igarapé Lourdes
-25.5243779903816,-48.4402378737216,16501,Ilha da Cotinga
-3.67268942248157,-61.4998003139159,16601,Ilha do  Camaleão
-7.92706294753519,-68.2041096877579,16901,Inauini/Teuini
-27.8505951706673,-53.8916183739231,17101,Inhacorá
-6.77724315883565,-62.1683799113457,17201,Ipixuna
-3.5625908327789,-59.1970610038547,17501,Itaitinga
-24.0847589936248,-46.6982068464669,17601,Itaóca
-24.5863522562223,-51.5852722391734,17701,Ivai
3.20907432873782,-60.2899641633393,17801,Jabuti
1.99120258701162,-59.8673219397417,17901,Jacamim
-6.73562935268033,-35.0837920211041,18001,Jacaré de São Domingos
-23.0546728319572,-54.9188587717867,18201,Jaguari
-9.52360514143082,-71.0681226940097,18301,Jaminaua/Envira
-9.39670655463066,-66.2954648637602,22001,Kaxarari
-9.52232834684182,-72.3104079584327,22101,Kaxinawá Ashaninka do Rio Breu
-23.86409331117,-46.6210050338274,23601,Krukutu
-13.2620681765966,-60.1876112193081,25001,Lagoa dos Brincos
-23.2832259381321,-50.4078761013238,25301,Laranjinha
-2.91972910921314,-67.1411268985841,25901,Macarrão
-5.11919333445556,-48.9185567341567,26001,Mãe Maria
-10.6688373599001,-70.2692388937124,26201,Mamoadate
-25.8934112081424,-52.3246673060638,26401,Mangueirinha
2.94940770129983,-60.0785272848122,26501,Manoa/Pium
-2.13782662277054,-67.2116923198677,26601,Mapari
-1.63214014804043,-65.5093429240619,26701,Maraã Urubaxi
-11.6861164330513,-50.3708619329246,33501,Parque do Araguaia
-11.5667046168135,-59.9053944545452,33601,Parque do Aripuanã
1.58216441417213,-55.4670912069646,33701,Parque do Tumucumaque
-8.87131897468261,-49.6997926196116,27101,Maranduba
-13.9560755813764,-53.9732712919936,27201,Marechal Rondon
-10.4291164669071,-38.7786753412773,27601,Massacara
-9.37883170247576,-36.6344312779671,27901,Mata da Cafurna
-8.62024718523064,-53.322827521524,28701,Menkragnoti
-12.2721627423361,-58.2987515851301,28802,Menkü
-3.22347259603296,-64.853374492817,28901,Meria
-5.79826120684429,-46.1024184441324,29501,Morro Branco
2.75838997090723,-60.1666676431817,29701,Moskow
-7.45365895389099,-57.5578036801097,29801,Munduruku
2.56274617055257,-60.2082326113174,30001,Muriru
-3.37018567199023,-59.2198818839886,30101,Murutinga/Tracaja
-12.9391206432038,-59.47215920236,30201,Nambikwara
-22.2416379323506,-56.0371216725646,30301,Ñande Ru Marangatu
-0.819204063327881,-58.1096092607866,30501,Nhamundá/Mapuera
-27.3579099190696,-52.9254872119487,30701,Nonoai
-27.4258144730018,-53.0417852585662,30801,Nonoai/Rio da Várzea
-12.0065928536579,-53.4022026273611,33801,Parque do Xingu
-3.44327251888332,-59.300102479717,33901,Patauá
-20.3675292341671,-56.1349496744708,30901,Nossa Senhora de Fátima
-3.57787709914168,-68.7372371569211,31001,Nova Esperança do Rio Jandiatuba
-7.43367611441834,-62.5723774687948,31201,Nove de Janeiro
-7.3708660642913,-73.4656623606461,31301,Nukini
-21.2501324374368,-52.1340286710115,31401,Ofayé-Xavante
-21.2621317567056,-52.166513654448,31402,Ofayé-Xavante
-31.1680658371417,-51.7846639947146,31701,Pacheca
-3.74252058288406,-59.1828110752887,31901,Padre
-26.5323463359663,-52.0695660867405,32002,Palmas
-22.1252294433597,-54.6702497010702,32101,Panambizinho
-9.36813755325795,-54.1833553177359,32201,Panará
-3.45848558382862,-51.7677518043128,32602,Paquiçamba
-14.3814438392865,-53.1695502849191,32701,Parabubure
-4.79747688212369,-50.1311512421764,32901,Parakanã
-3.21853276749126,-58.6541881183908,33001,Paraná do Arauató
-1.66791396036791,-67.1273830762601,33101,Parana do Boa Boa
-1.87717994144758,-65.8388491322615,33201,Parana do Paricá
-23.2544359072626,-44.651815169958,33301,Parati-Mirim
-14.2586426712974,-58.6464251012338,33401,Paresi
-14.8085358481041,-59.4905981834498,34101,Sararé
-6.06616435781717,-64.9036455690555,34201,Paumari do Cuniua
-5.80194169657656,-64.5946991844237,34302,Paumari do Lago Manissuã
-7.62704537674881,-65.2363472216787,34401,Paumari do Lago Marahã
-24.1850125249918,-46.9850370716578,35001,Peruíbe
-24.231677063246,-46.9400953487377,35101,Piaçaguera
-13.4228870773539,-51.6340655901308,35301,Pimentel Barbosa
-27.1409633261829,-52.4625406189597,35502,Toldo Pinhal
-7.10637067738481,-62.0933869558732,35701,Pirahã
-23.953880628168,-55.283058413685,35901,Pirajuí
-3.93993567780427,-38.6333696024114,36201,Pitaguary
-22.8479680125992,-55.1176183057485,37801,Rancho Jacaré
4.33440430242594,-60.267288706796,37901,Raposa Serra do Sol
-3.5453801884507,-59.1994031396558,38001,Recreio/São Félix
-4.82609686385617,-67.7253846786217,38501,Rio Biá
-5.74000262240822,-54.5861273697889,38902,Kuruáya
-27.18189437689,-53.4120199247767,39101,Rio dos Índios
-8.42786832179714,-71.7211955297765,39401,Rio Gregório
-8.36428013945324,-71.7623315929734,39402,Rio Gregório
-11.9510755026228,-64.7147758160088,39501,Rio Guaporé
-3.84272757675179,-59.8885031227294,39601,Rio Jumas
-12.6283193099346,-61.74255693622,39801,Rio Mequens
-11.0828379750504,-64.6359842521177,40001,Rio Negro Ocaia
-11.0788709252523,-64.6612398568698,40002,Rio Negro Ocaia
-29.0603910413075,-53.2327371124922,41001,Salto Grande do Jacuí
-3.73208484401873,-59.2374340786646,41801,São Pedro
-2.67186911390402,-67.5950151315259,42001,São Sebastião
1.39346651204295,-59.637861965048,49601,WaiWái
-7.12826859043896,-49.1643901612214,50101,Xambioá
-26.7422561327715,-52.5106024325026,50201,Xapecó
-6.35732477298159,-50.8137544639969,50501,Xikrin do Rio Catete
-5.42990146614711,-54.6832846166288,50601,Xipaya
2.16050182806986,-63.5018040647219,50901,Yanomami
-0.122046974233048,-55.78677333663,51001,Zoe
-10.5853493857251,-60.8211474903257,51101,Zoró
-6.91128757256577,-66.3951298129068,51201,Zuruahã
-11.1460991904432,-56.5926900687661,52401,Batelão
-2.67255789489257,-67.4821570271763,53401,Prosperidade
-23.5929160015901,-54.7682055802878,42201,Sassoró
-8.16658761893111,-66.8442625029623,42801,Seruini/Mariene
-23.5768295856293,-55.4657160090465,42901,Sete Cerros
-5.00472212413466,-60.0938151362662,43101,Setemã
2.9688789333716,-61.157443485855,43301,Sucuba
-21.6526905315766,-55.1099547149825,43401,Sucuriy
-3.73044246288367,-60.4043367218274,43601,Tabocal
-23.7628528989119,-55.1642872530555,43901,Takuaraty/Yvykuarusu
-23.2172808805864,-55.4331477427004,44101,Taquaperi
-22.7381549713371,-54.6240219686029,44201,Taquara
-20.256803351052,-56.0717002279266,44401,Taunay/Ipegue
-25.0190267986521,-54.0671726256139,44501,Tekohá Añetete
-2.867696439723,-46.2508921976519,1501,Alto Turiaçu
-5.56925394321159,-63.1369116462611,2701,Apurinã do Igarapé São João
-2.68535173170856,-48.2741416133848,44601,Tembé
-9.91687640670907,-36.7168242634088,45402,Tingui Botó
-3.57793935754379,-49.7099914098276,46301,Trocará
-27.4413845395508,-52.6651491301643,49201,Votouro
1.12710897640154,-52.8982485587287,49401,Waiãpi
-0.840658741110712,-60.6646850495929,49501,Waimiri-Atroari
-7.87017137383122,-49.9109087749339,56801,Las Casas
-16.1509970446796,-59.4787862972141,57001,Portal do Encantado
-2.81941047701628,-67.3588239259431,58201,São Domingos do Jacapari e Estação
-23.3071529109453,-50.4700399407984,64001,Yvyporã Laranjinha
-3.09333381592605,-40.0242326646328,64601,Tremembé de Queimadas
-21.9826308722193,-54.6180693493795,64801,Panambi - Lagoa Rica
-27.864943401699,-51.7710201506993,65301,Passo Grande do Rio Forquilha
-11.0526830582281,-51.4697747031442,65801,Krenrehé
-8.3220164684566,-64.41880078567,65901,Jacareúba/Katauixi (restrição uso)
-17.5605365883922,-41.269487750856,66001,Mundo Verde/Cachoeirinha
-12.6529152467971,-61.3683399086377,66301,Tanaru ( restrição de uso )
-9.66940480149908,-61.0009671622559,66901,Piripkura ( restrição de uso )
-15.939213085129,-39.1794675772023,68901,Tupinambá de Belmonte
-4.0891049004015,-52.007763668682,72601,Ituna/Itata (restrição de uso)
-11.9555309170895,-49.7932087887019,73301,Taego Ãwa
-13.5460986712249,-51.3098945887433,73601,Wedezé
-23.4240034381504,-54.7082865311596,73702,Iguatemipegua I
-12.17043696076,-43.2512397328219,5701,Barra
-3.41689305972223,-64.63601980201,5901,Barreira da Missão
-5.68654158536468,-62.9988384583247,2801,Apurinã Igarapé Tauamirim
-9.30510319792733,-67.2174060746948,2901,Apurinã Km 124 BR-317
-11.0970846000862,-60.5985783687834,40701,Roosevelt
-14.595518607299,-58.6422856743471,11901,Estivadinho
-9.07437726977819,-67.1447107900825,6401,Boca do Acre
3.25162211018572,-61.2947344513697,6701,Boqueirão
-20.8611153692579,-55.1856758872346,7001,Buriti
-20.9395237991522,-54.9751080522955,7101,Buritizinho
-3.7181247676502,-46.3317245297091,9701,Caru
-6.78482016085066,-67.5360119526598,10901,Deni
-12.846719665155,-57.9699761694649,17301,Irantxe
-12.7556252560802,-57.6775473353422,17302,Manoki
-9.81092164712872,-71.7707275263944,20501,Kampa e Isolados do Rio Envira
-6.88784187801181,-69.0749338404118,20601,Kanamari do Rio Juruá
-4.37748319138468,-62.1412771716864,24201,Lago Aiapua
-6.04255190113423,-62.1985067368638,24301,Lago Capanã
-3.80719761105678,-61.2753399454243,24401,Lago do Beruri
-4.27224653473432,-59.9196473001756,24501,Lago do Limão
-3.21229984315559,-68.3469839108283,26801,Maraitá
-11.759567645981,-51.6901853729104,26901,Maraiwatsede
-2.88152904904005,-68.4634034250666,28101,Matintin
-6.62281283406675,-70.2825550183197,28201,Mawetek
-0.716527710011691,-67.6393883541426,28501,Médio Rio Negro I
-3.55255644276994,-59.0725215316745,32801,Paracuhuba
-20.2549220287319,-56.3619371238848,35201,Pilad Rebuá
-8.52435128353806,-39.3659948689644,46602,Truká
-11.1829781575147,-63.4782269386983,48201,Uru-Eu-Wau-Wau
-10.7052709319838,-51.2473158032475,48301,Urubu Branco
-9.05040546385106,-35.7136942384271,49701,Wassu-Cocal
-8.3139764049776,-61.9509358197331,44801,Tenharim Marmelos
-9.70695343120238,-53.8307966907421,44901,Terena Gleba Iriri
-16.5633360121148,-55.0954530508273,45001,Tereza Cristina
-23.8132379428169,-54.7471470190697,55001,Sombrerito
-7.98129561702532,-66.5837034807849,47101,Tumiã
-13.648356363327,-58.2698655621424,48501,Utiariti
-5.86071167267001,-71.3682237849759,48701,Vale do Javari
-19.870533405149,-40.1777431410105,8003,Tupiniquim
-23.8694871922158,-46.6503163376391,14201,Guarani da Barragem
-30.7603208390826,-51.6240469836683,14301,Guarani de Águas Brancas
-12.0751420927437,-43.2519257700886,15401,Ibotirama
-21.5647016497509,-50.3130523802141,15501,Icatu
-14.769682765312,-58.6468037130202,12801,Figueiras
-3.0275526644182,-65.2405870530135,29201,Miratu
-4.28219746888519,-56.0276587917753,37301,Praia do Índio
-4.25632124273274,-55.9737199142561,37401,Praia do Mangue
3.95737490207182,-51.7242206152226,13301,Galibi
-26.2980398430729,-48.6626137294555,29401,Morro Alto
-14.1085440450366,-59.5442589488359,43801,Taihantesu
-16.9207928306833,-39.2783725468077,501,Águas Belas
-23.174118737758,-55.2041813186542,801,Aldeia Limão Verde
-6.11682465186679,-47.6213301224903,2401,Apinayé
-3.36722604891728,-59.3418940090121,2501,Apipica
-23.7911717263579,-50.9294241504663,2601,Apucarana
-7.55662356286153,-66.0224073079647,52601,Apurinã do Igarapé Mucuim
-28.1815461226501,-48.7997175463791,7501,Cachoeira dos Inácios
-4.33318843799487,-54.1670094551535,7601,Cachoeira Seca
-16.4634083995171,-39.1031727568295,901,Aldeia Velha
-2.33069386978874,-46.7225836248486,1001,Alto Rio Guamá
0.575336545724067,-68.5219911901271,1101,Alto Rio Negro
-9.29639767280007,-70.0836343933724,1201,Alto Rio Purus
-8.01733334626225,-66.3410258738965,1301,Alto Sepatini
-9.60310322212266,-71.9084666581867,1401,Alto Tarauacá
-23.0694905030661,-55.1869497361742,1601,Amambai
-2.85836466484606,-49.3027591468134,1801,Anambé
-10.269896004104,-65.0896030320176,16301,Igarapé Ribeirão
-20.188326227703,-56.2758743187629,7701,Cachoeirinha
3.90212277921629,-61.4160265998113,1901,Ananás
-3.70706590611729,-38.7270235901857,73714,Taba dos Anacé
-9.1015963773983,-38.1845514830854,11301,Entre Serras
-11.2659892770872,-58.2681144192078,11401,Erikpatsá
3.4610212990799,-61.4029520146762,2101,Aningal
-10.5268774234718,-65.0242433908419,16101,Igarapé Lage
-13.728676652973,-59.9395969231038,48601,Vale do Guaporé
-7.47590061359957,-67.1694929733598,401,Água Preta/Inari
-9.08467705996169,-72.8765671037243,51801,Arara do Rio Amonia
-3.74015526232553,-56.9245078106792,2001,Andirá-Marau
-4.75422786789478,-60.029119004655,3701,Arary
-22.2731097411784,-49.3547969030603,3501,Araribá
-8.29506361755064,-38.8180694691611,4501,Atikum
-25.2390955281442,-54.3152574798833,4701,Avá-Guarani do Ocoí
-3.33406018788815,-46.4627009690547,4801,Awa
-5.88443235828353,-45.7949607024612,4901,Bacurizinho
-5.90964801974423,-45.8215095135463,4902,Bacurizinho
-4.95780655717827,-52.4492649046553,3801,Araweté Igarapé Ipixuna
-14.3890879296397,-51.9616549596362,3901,Areões
-10.5736928007496,-59.972021423463,4201,Aripuanã
-14.9836567965397,-44.2137733905882,49902,Xacriabá
-12.6245402949728,-60.6353111380236,46701,Tubarão Latunde
-9.51072407565106,-58.6456815435586,11501,Escondido
-24.2383499812888,-50.9668350332445,37501,Queimadas
-10.0523384210562,-36.9259190632674,601,Aconã
-14.1379348819287,-56.9225493034681,11801,Estação Parecis
-26.4132857186184,-48.6900033736047,44301,Pindoty
-26.4615771752137,-48.7029970174979,59101,Tarumã
-23.6617954775964,-50.8776391218317,5501,Barão de Antonina
-2.31606611378573,-55.163161880568,59401,Cobra Grande
-23.7117404920439,-55.2798717497324,4401,Arroio-Korá
0.422984274823665,-66.6237586398328,5301,Balaio
-6.76310208058523,-64.9127608746805,5402,Banawá
-23.3535785318451,-44.9819994895129,6301,Boa Vista Sertão do Promirim
-9.33951684507168,-38.5471523934238,6901,Brejo do Burgo
-22.5969738294358,-54.9645607519974,7201,Caarapó
-7.43044244100032,-69.9085152008855,7401,Cacau do Tarauaca
-5.49734848138136,-46.6567867500635,13601,Governador
-27.8248723061746,-51.6280953308932,7801,Cacique Doble
-9.81812289623317,-37.3866583941575,7901,Caiçara/Ilha de São Pedro
3.76354713903213,-61.3138378879628,8201,Cajueiro
-15.1092332445805,-50.0399928279378,9401,Carretão I
-7.7953139489665,-72.1806159917268,8601,Campinas/Katukina
-15.054822333832,-50.0181163227718,9501,Carretão III
-15.054822333832,-50.0181163227718,9501,Carretão II
2.7783853514647,-60.5044073523129,8801,Canauanim
-30.1907570577662,-51.023539270532,8901,Cantagalo
-30.3584773010028,-50.3548788528957,9101,Capivari
-10.2092371795154,-53.1492846190857,9201,Capoto/Jarina
-15.3406078084879,-39.7029847110822,9301,Caramuru/Paraguassu
-28.1946479789729,-52.0131725780998,9601,Carreteiro
-23.5900152728209,-54.2875861470219,9901,Cerrito
-14.5936634540946,-53.2244606110346,10001,Chão Preto
-16.3520370301488,-39.050587757875,10301,Coroa Vermelha
-2.36854565152198,-65.0267107799797,10701,Cuiu-Cuiu
-4.4970091825077,-60.441309125814,10801,Cunhã-Sapucaia
-2.84668837432945,-66.8587170043233,12001,Estrela da Paz
-24.6478729025036,-51.2720759725656,12301,Faxinal
-9.39373005196038,-36.5848690077955,12501,Fazenda Canto
-3.79319563418279,-69.2730193365952,12201,Évare II
-19.0381744673042,-43.119541442459,12701,Fazenda Guarani
-3.42583059280916,-59.4820686182948,13401,Gavião
-22.8530555315645,-55.2016036541884,13701,Guaimbé
-16.6550892477372,-39.158964365204,16803,Imbiriba
-7.72860485375364,-66.8558690572011,13801,Guajahã
-23.3100258838131,-44.7750708917664,14001,Guarani Araponga
-29.6774529165816,-50.294758071598,14101,Guarani Barra do Ouro
-3.08713080534501,-64.8732417611892,18701,Jaquiri
-22.8792828656527,-44.3844267964544,14401,Guarani de Bracui
-24.0463145931108,-46.6516309514643,14501,Guarani do Aguapeu
-26.8689574754967,-53.1125722182567,14601,Guarani de Araçai
-23.0737239149046,-55.5011720001111,14901,Guasuti
-23.4648357937503,-46.7546693751025,18801,Jaraguá
-22.5265417111192,-54.6243495297349,15101,Guyraroká
-3.2256218420382,-64.8733581759556,15801,Igarapé Grande
-30.33927818828,-53.1972233402471,17401,Irapuá
4.03325882873427,-51.5856382265841,19701,Jumina
-23.7214494267785,-54.9532910580299,18101,Jaguapiré
-23.460776784495,-46.7715517605421,18802,Jaraguá
-22.924364698018,-54.6082796195212,18901,Jarara
-9.27115025608986,-70.9747466041262,23901,Kulina Igarapé do Pau
-2.96599506093535,-65.7897581109414,24001,Kumaru do Lago Ualá
-16.1831707968551,-54.3197096591793,19101,Jarudore
-3.08560029726502,-60.9140361725544,19201,Jatuarana
-3.41813247593501,-59.073770198021,19301,Jauary
-9.22266537377454,-38.0245424014952,19402,Geripancó
-27.1897243643894,-53.2408487954293,20101,Kaingang de Iraí
-12.3688138212423,-61.4056143854083,24101,Kwazá do Rio São Pedro
-5.32451327709795,-45.7347204764485,24801,Lagoa Comprida
-4.75110567834626,-48.9526534563259,31101,Nova Jacundá
-6.06401922059252,-45.1038024176148,20701,Kanela
-8.61580796996578,-37.3464217308532,20901,Kapinawá
-14.9147462661071,-51.0814623327745,21001,Karajá de Aruanã I
-14.9089032345996,-51.1017377635875,21101,Karajá de Aruanã II
-8.88007604520991,-49.7696251233295,21301,Karajá Santana do Araguaia
-10.0092425246106,-36.6249718388801,21401,Karapotó
-10.1570001293595,-36.8278558599413,21701,Kariri-Xocó
-27.1463434914304,-52.4517622148632,35501,Pinhal
-9.33232040390775,-64.0515939506128,21801,Karitiana
-22.3559027691571,-55.3051332817196,25601,Jatayvari
-8.07595446637735,-70.4110617122512,21901,Katukina/Kaxinawá
-8.10184076074247,-70.784318107904,22201,Kaxinawá Colônia Vinte e Sete
-8.39585361474852,-71.3598678570522,22301,Kaxinawá da Praia do Carapanã
-9.26957915430903,-72.0165580039326,22401,Kaxinawá do Baixo Rio Jordão
-9.24821568097357,-71.5073357737144,22501,Kaxinawá do Rio Humaitá
-9.53340109361338,-72.1347292780072,22601,Kaxinawá do Rio Jordão
-9.14053748646886,-70.7147254656327,22701,Kaxinawá Nova Olinda
-9.31443817466172,-71.9162884762107,22801,Kaxinawá Seringal Independência
-8.71426183029174,-57.2911996437186,22902,Kayabi
-7.708412932384,-51.9176960583217,23001,Kayapó
-10.6569046289179,-38.6314329279845,23101,Kiriri
-4.27638712677172,-52.2772954834958,23201,Koatinemo
-8.3803217149828,-47.4135647127904,23301,Kraolandia
-19.2172421671935,-41.3025972992046,23401,Krenak
-5.90356792013226,-46.9279941724228,23501,Krikati
-23.9424498959871,-46.620732307411,23602,Tenonde Porã
-7.20135201452893,-70.6202212078513,23701,Kulina do Medio Jurua
-9.45602844650746,-71.4057717587929,23801,Kulina do Rio Envira
-4.49522616710168,-69.9015511325552,25401,Lauro Sodré
-20.334002110855,-55.6893014488926,25701,Limão Verde
-3.59936449981644,-59.996980676594,27401,Lago do Marinheiro
2.60258024440154,-60.4717976608544,26101,Malacacheta
3.27065526862213,-61.4057438150635,26301,Mangueira
-3.19574337814615,-64.8310864216906,27001,Marajai
-25.0549001009523,-51.4019825188684,27501,Marrecas
-16.154614644071,-39.009518570941,28001,Mata Medonha
-16.8742581289498,-40.5812925867243,28301,Maxacali
-27.4621112267841,-48.6457329523434,28401,Mbiguaçu
-23.5595673203274,-50.0709628915119,35601,Pinhalzinho
-12.1920556605672,-58.4174066755037,28801,Menkü
-3.56567963583098,-59.2209632006535,30401,Natal/Felicidade
-6.7768500706696,-35.0533689978875,37001,Potiguara de Monte-Mor
-23.9445715390048,-55.3743327827343,37101,Potrero Guaçu
-3.80727964551764,-59.1508997996413,29101,Miguel/Josefa
-9.44965926131701,-38.5898846954404,32301,Pankararé
-7.54758830659596,-73.0884489752821,37201,Poyanawa
-28.3598574284114,-51.7085402385844,29301,Monte Caseros
-9.14548748888708,-38.2032323340899,32401,Pankararu
-12.1553041324621,-62.6423664501121,38601,Rio Branco
-27.7875599434506,-48.6473279503274,29601,Morro dos Cavalos
-21.1572983186807,-55.7377719011412,30601,Nioaque
-3.41077748696281,-68.3393988661351,41501,São Francisco do Canimari
-5.67003397487657,-60.7499860792813,35401,Pinatuba
-3.47661653712943,-51.8058540780825,32601,Paquiçamba
3.49525214650669,-60.6718067629021,31501,Ouro
-11.3696927630167,-65.1034308309014,31601,Pacaas Novas
-16.8642185464015,-56.1900242301445,34901,Perigara
-26.4869752902409,-48.8282792410205,35801,Pirai
-22.0083309839964,-56.0403056062804,36001,Pirakua
3.40278359525471,-61.1041823178465,36301,Pium
3.6057458966366,-60.8799130755181,36401,Ponta da Serra
-13.5660965051058,-57.3494605373002,36501,Ponte de Pedra
-6.09421646350245,-45.6368052779868,36601,Porquinhos
-6.21488983107681,-45.6013627882421,36602,Porquinhos dos Kanela Apãnjekra
-23.7865742842279,-54.5875830738613,36701,Porto Lindo
-23.7677688293422,-54.5458256080457,36702,Yvy-Katu
2.88444256138517,-61.3139858398757,37701,Raimundão
-23.7129565003759,-45.8050425275343,38102,Ribeirão Silveira
-25.7612475117644,-51.2392899261976,38301,Rio Areia
-1.16279186736526,-69.2632677410596,38201,Rio Apaporis
-23.999513387815,-46.6627457208379,38701,Rio Branco Itanhaém
-26.4778349164338,-50.9842485085087,39201,Rio dos Pardos
-14.5092275868693,-58.0829534950664,39301,Rio Formoso
-6.18513744328969,-61.5244305446417,39701,Rio Manicoré
-5.70340544132747,-45.2283876616133,40601,Rodeador
-24.3495744622343,-47.1161513968849,42501,Serra do Itatins
-11.9160385031123,-64.9704469925621,40801,Sagarana
-23.7424299647447,-50.7578827713646,41601,São Jeronimo
3.2337418312036,-60.9728894288316,46501,Truaru
-14.755463481457,-59.6467315672668,42101,Paukalirajausu
3.25245880240704,-60.6859889556803,42401,Serra da Moça
-10.9587341825015,-61.1885329396285,43001,Sete de Setembro
-5.93651140208638,-48.6927590811176,43201,Sororó
2.68694259079895,-60.5712346603112,43501,Tabalascada
-4.47004851832346,-69.8279601487684,46901,Tukuna Porto Espiritual
-16.5299688261644,-54.5132848858425,43701,Tadarimana
-10.635478033478,-50.6815019328996,44001,Tapirapé/Karajá
-29.7166478010451,-50.239900211131,49001,Varzinha
-14.9320800467798,-44.1238370327027,50001,Xakriabá Rancharia
-20.2483884252172,-56.0541597670178,44402,Taunay/Ipegue
-4.34836372372379,-69.4440225599655,45301,Tikúna de Feijoal
-27.1600601810316,-52.5271564542598,45601,Toldo Chimbangue
-27.1338950966764,-52.517661268809,45701,Toldo Chimbangue II
-2.78261974881337,-67.7063866013265,53601,Santa Cruz da Nova Aliança
-27.8096459292869,-52.2201859881932,53801,Mato Preto
-4.48290698598122,-69.5450252141479,53901,Sururuá
-27.457288310721,-52.6427545709186,54001,Votouro/Kandoia
-3.71126950835125,-60.4823750676783,54101,Vista Alegre
-3.74146172761089,-38.686216726148,54601,Tapeba
-3.72199443449531,-59.2655328484731,46101,Trincheira
-4.39820190274324,-69.9949568819097,46801,Tikuna de Santo Antonio
-10.6319591983229,-38.7318200041316,69901,Fazenda Sítio
-8.42485980505096,-36.8307854334446,70201,Xukuru de Cimbres
-4.26483899432173,-69.8862502433364,47001,Tukuna Umariaçu
-2.29428868100559,-48.3382602461763,47301,Turé/Mariquita
-2.28572123566758,-48.3519243260056,47401,Turé/Mariquita II
3.53602649305671,-51.4986618618619,47601,Uaça
-14.3487836780868,-59.3246310101333,47901,Uirapuru
-14.9986871665091,-57.0511925923681,48001,Umutina
-1.31946184810891,-66.7393307125387,48101,Uneiuxi
-1.38170052374438,-66.7078847622105,48102,Uneiuxi
-5.37523279903167,-45.9167092196908,48401,Urucu/Juruá
-21.8017840284448,-50.3827244910616,48801,Vanuire
-9.38831617374255,-36.6241499331742,50701,Xukuru-Kariri
-8.32377159949633,-36.7686502026834,50801,Xukuru
-9.75273593070096,-71.2261146200559,51301,Riozinho do Alto Envira
-4.25222318273556,-69.520169330862,51501,Sapotal
-2.76814572433228,-67.6786788694358,52201,Barro Alto
-2.9427654141481,-69.0542447844106,52701,Lago do Correio
-4.54741718771452,-69.8714551160793,52801,Guanabara
-3.51313731177076,-59.4549168985018,53201,Ponciano
-12.9293208404745,-52.8385862425599,55201,Pequizal do Naruvôtu
-2.35024196276365,-47.9683830938679,65401,Maracaxi
-3.25112476041979,-55.0275037470743,58001,Munduruku-Taquara
-3.07525489719557,-48.0403024747188,58901,Sarauá
-8.66981966906351,-39.3799137911918,59201,Tumbalalá
-19.9483499631347,-40.167297627139,59301,Caieiras Velha II
0.62363188586066,-66.9452470493869,59601,Cué Cué/ Marabitanas
-9.00005843588548,-59.9631545610793,61401,Kawahiva do Rio Pardo (restrição de uso)
-11.0109575508114,-49.899750184507,62301,Krahó-Kanela
-10.1767936275137,-50.2310660666507,62401,Utaria Wyhyna/Iròdu Iràna
-3.05128873974342,-55.0076563250953,62501,Bragança-Marituba
-7.3884109988234,-61.9194172804435,62901,Tenharim Marmelos (Gleba B)
-5.93295925266736,-48.8089035221511,63901,Tuwa Apekuokawera
-17.6404009127006,-41.6691078208781,65701,Hãm Yîxux
-26.6560623395578,-52.4266116017276,64901,Xapecó (Pinhalzinho-Canhadão)
-3.18198527064007,-39.4339831048327,70601,Tremembé da Barra do Mundaú
-24.5345753627609,-48.2161453082611,73720,Takuari
-25.0046455351759,-54.0498088343146,65601,Tekoha Itamarã
